id,name,artist,popularity,duration_ms,album,release_date,danceability,energy,loudness,speechiness,acousticness,instrumentalness,liveness,valence,tempo,time_signature,mood
0ct6r3EGTcMLPtrXHDvVjc,The Nights,Avicii,86,176658,The Days / Nights,1/1/2014,0.527,0.835,-5.298,0.0433,0.0166,0,0.249,0.654,125.983,4,Energetic
3mWUqIz228lrdC5ZSkpjUG,THREAT,Rex Orange County,60,170793,THREAT,8/9/2022,0.674,0.403,-13.814,0.211,0.53,0.00446,0.111,0.618,117.946,4,Energetic
4QAac9ShKdaeadGibY9ehB,Let You Do This (with Buy Now),Salvatore Ganacci,52,202281,Culturally Appropriate,11/25/2022,0.747,0.712,-5.73,0.0651,0.0576,0.172,0.0833,0.327,124.008,4,Energetic
5ozhK7GvUKSNSr1LrclYM2,Forever And A Day - Diplo Remix,LP Giobbi,58,218053,Forever And A Day (Diplo Remix),10/25/2022,0.755,0.896,-7.18,0.119,0.0024,0.701,0.101,0.267,124.999,4,Energetic
6lYY2HktYKpV1pUamfRlU1,Messages from the Stars,The Rah Band,70,254080,Going Up,10/17/2008,0.649,0.821,-2.957,0.0329,0.0562,0.00271,0.318,0.698,113.489,4,Energetic
0D6e8vxL7nufsDROdWStM0,Notice Me,Jiubel,45,163278,Notice Me,7/22/2022,0.711,0.757,-5.823,0.0323,0.0747,0.000294,0.197,0.835,145.056,4,Energetic
6Uj1ctrBOjOas8xZXGqKk4,Woman,Doja Cat,86,172626,Planet Her,6/25/2021,0.824,0.764,-4.175,0.0854,0.0888,0.00294,0.117,0.881,107.998,4,Energetic
4pZVubICwJqqNQzLudg3EK,might start singing,wuvv,60,126509,might start singing,3/30/2022,0.592,0.646,-7.731,0.0428,0.243,0.657,0.118,0.171,160.342,3,Energetic
2tMIzKu3vXQzvbDShxjbmu,Suenos Bravos,Bodysync,54,210440,Radio Active,4/15/2022,0.764,0.654,-8.372,0.0385,0.205,0.386,0.148,0.579,120.036,4,Energetic
5l1WE9G2e0sHxgFgz08wfF,22 and Confused,Johnny 2 Phones,45,123648,22 and Confused,10/15/2021,0.705,0.505,-9.575,0.0717,0.114,7.03E-06,0.138,0.711,80.974,4,Energetic
33ArLNq6JksceoJUONafnX,Those Eyes (feat. Griff Clawson),ARTY,46,162786,Those Eyes (feat. Griff Clawson),10/29/2021,0.729,0.82,-4.484,0.0431,0.0689,0.000186,0.408,0.843,118.093,4,Energetic
2BoPkeahovHxCSfmmlEl26,Let Me Love U,Baauer,57,189506,Let Me Love U,8/4/2022,0.725,0.824,-6.398,0.0445,0.00527,0.655,0.924,0.598,124.049,4,Energetic
1G9hDB1bmxz131N9svQ8pY,Satellite,Khalid,70,186514,Satellite,9/23/2022,0.741,0.73,-7.07,0.0349,0.0279,0.000264,0.0851,0.725,124.001,4,Energetic
6VcpaoEQRxc9wrAtYBqKwz,Payback (feat. Icona Pop),Cheat Codes,56,203411,Payback (feat. Icona Pop),3/4/2022,0.672,0.8,-4.919,0.0372,0.113,0.000302,0.132,0.8,118.013,4,Energetic
7ynlcugXrMR1QegulDdErn,wide eyed,JAWNY,46,214068,"It’s Never Fair, Always True",3/3/2023,0.68,0.742,-4.334,0.0652,0.0548,1.31E-06,0.0881,0.919,127.49,4,Energetic
5g8y52H5k4VuOuIS8eaaQ6,Messages from the Stars - Sped Up,The Rah Band,67,327428,Messages from the Stars (Sped Up),11/4/2022,0.627,0.718,-9.288,0.0334,0.033,0.586,0.0965,0.776,140.389,4,Energetic
0tIkUSA5njpsBaTAx3z25z,Better Than Gold,NCT DREAM,65,200746,Glitch Mode - The 2nd Album,3/28/2022,0.713,0.842,-3.225,0.0402,0.0526,0,0.0834,0.715,110.039,4,Energetic
77LZvE2XLYn2AW55UxIG8H,Happy Fools (feat. Coi Leray),TOMORROW X TOGETHER,71,155753,The Name Chapter: TEMPTATION,1/27/2023,0.698,0.742,-5.366,0.251,0.158,0,0.146,0.545,163.952,4,Energetic
6qItx3M2IZbXBKRnptbnHM,Eyes On You,Nicky Youre,74,177371,Eyes On You,11/18/2022,0.729,0.786,-4.357,0.0389,0.117,0,0.265,0.729,131.906,4,Energetic
56D251hqnHtPSgwSH5a0fl,Spinning (with Charli XCX & The 1975),No Rome,54,172559,Spinning (with Charli XCX & The 1975),3/4/2021,0.716,0.698,-5.644,0.0415,0.0126,8.70E-05,0.0733,0.742,119.994,4,Energetic
7quS3s6bqzPmXRnDU5FeNa,Get Up,Keys N Krates,53,183934,Get Up,11/16/2022,0.903,0.628,-5.811,0.182,0.00575,0.0273,0.0746,0.475,121.979,4,Energetic
2w1rG2MPE4vF77znvevuz5,Who Do You Love,ARTY,64,208253,Who Do You Love,2/25/2022,0.537,0.964,-2.677,0.0552,0.018,0.00138,0.16,0.509,125.992,4,Energetic
4fPjI40ElIwJQ4DJJxSCOe,Attracted To You,PinkPantheress,72,67638,Attracted To You,7/9/2021,0.727,0.58,-11.094,0.192,0.0372,0.00377,0.0596,0.75,114.21,4,Energetic
1vDK1yoxF0mOkckgDfPDj2,Baazi,King,54,208800,Baazi,5/13/2022,0.696,0.847,-5.627,0.0312,0.344,0,0.171,0.68,100.017,4,Energetic
3NQ2JBHK5OAzblu8z5KUVj,Wounded,Ferry Corsten,57,191718,Wounded,2/25/2022,0.702,0.731,-5.193,0.0556,0.0148,0.00022,0.249,0.541,125.034,4,Energetic
6FfLg6FFqhCsrFOaHIGkg0,Honeypie,JAWNY,73,135581,For Abby,10/27/2020,0.74,0.688,-4.361,0.0916,0.061,0,0.138,0.935,115.035,4,Energetic
0MFieoEGmApvWeDVPkDvMt,South Park Theme,Voidoid,40,30614,Soundtrack Themes and More Vol. 13,6/2/2020,0.61,0.905,-5.294,0.0811,0.0004,0.961,0.261,0.118,72.005,4,Energetic
6KZ5tQzMzradTe0pxsfObz,Yellow Cab,DPR LIVE,52,205600,Yellow Cab,7/2/2021,0.704,0.585,-6.53,0.292,0.17,0.000231,0.114,0.701,163.99,4,Energetic
4sqIbiX3BwlYU2rT4Vuc8K,AY AY AY,Preston Pablo,52,140374,AY AY AY,1/6/2023,0.689,0.775,-8.614,0.392,0.12,3.38E-06,0.0752,0.711,89.901,4,Energetic
0TpJF2IIk9idRMJuSSXMLh,Aloe Lite,Good Kid,59,149292,Good Kid 2,11/6/2020,0.48,0.896,-4.207,0.0329,0.000199,5.15E-05,0.437,0.728,179.999,4,Energetic
3unwRjZc4YieBIrR9awcY8,Like She Does,Dayglow,43,272640,People In Motion,10/7/2022,0.652,0.805,-3.741,0.0304,0.0587,4.79E-06,0.106,0.828,123.012,4,Energetic
2NJefEQeqDKUdyiy38GFoV,mr. sunshine,Arden Jones,61,177230,age tape 0,11/4/2022,0.589,0.791,-3.443,0.0521,0.00717,0,0.149,0.387,129.978,4,Energetic
1iNYfOotllQt7RXqiywEQC,Cmon,KYLE,36,158572,It's Not So Bad,1/30/2022,0.79,0.629,-8.144,0.0623,0.0844,0.00861,0.0975,0.624,123.981,4,Energetic
5u80nUHaBIZYBYw6oMKZsV,HERE COMES THE hURRICANE LEGENDARY KATRINA,Kevin Jz Prodigy,60,60905,HERE COMES THE hURRICANE LEGENDARY KATRINA,2/16/2022,0.673,0.949,-3.3,0.504,0.265,2.34E-05,0.51,0.478,128.718,4,Energetic
6eVM9lCmIqwGTUOoeH61Lu,Hug Me,Pharrell Williams,68,140733,Despicable Me 3 (Original Motion Picture Soundtrack),6/23/2017,0.842,0.622,-5.437,0.0967,0.0684,0,0.33,0.587,139.927,4,Energetic
5ugYo7xM632grP29JqjxZa,Lose Control,220 KID,58,152068,Lose Control,9/23/2022,0.474,0.777,-6.516,0.0639,0.138,0.00367,0.313,0.8,121.941,4,Energetic
4hQz37Z88go8H8hrK7ncVz,A Pimp Named Slickback,Lakim,58,250775,Classics II,9/6/2019,0.679,0.852,-3.695,0.208,0.259,0.432,0.237,0.766,140.024,4,Energetic
7iZ8CrSxlwpLD3fXpZxgCv,Feel's S'peed Up,CruFly,43,185086,Feel's S'peed Up,2/27/2023,0.911,0.713,-5.206,0.115,0.0776,0,0.0905,0.918,121.257,4,Energetic
4S813oSMFSRxh4Yse5cvFI,Blue Orangeade,TOMORROW X TOGETHER,38,185520,The Dream Chapter: STAR,3/4/2019,0.758,0.848,-3.601,0.0572,0.00611,0,0.143,0.42,111.015,4,Energetic
4umihhuIVgyPlg3Ajg6lDN,Messages from the Stars - Remaster,The Rah Band,47,407118,Producers Choice,4/24/2020,0.68,0.606,-10.242,0.0324,0.0765,0.000566,0.291,0.542,112.897,4,Energetic
14NGdYOr9abOGH6euZcpu5,Silver and Gold (feat. Sam Fischer & Pink Sweat$),Yung Bae,59,176293,Groove Continental: Side A,3/4/2022,0.656,0.813,-4.797,0.0568,0.192,8.06E-06,0.406,0.386,107.011,4,Energetic
3m8FZ5yRKqRTbMdV08vbiO,Nintendo69 (Estrelar) - Remix,A k i n a,53,136164,Estrelar,10/18/2016,0.743,0.698,-6.344,0.156,0.21,0.000182,0.307,0.887,125.987,4,Energetic
0yZk3VXzmx1PY9FNbW6e8l,Shut up.,Tai Verdes,43,190253,HDTV,9/16/2022,0.77,0.777,-5.169,0.0708,0.0289,0,0.665,0.785,112.523,4,Energetic
71sBnFT8QL9AsYxIduK9YR,lay it down,Steelix,56,207804,lay it down,4/30/2022,0.823,0.534,-6.218,0.0374,0.00463,0.000277,0.0745,0.929,92.954,4,Energetic
7cLvLpnhpnQtea3ETMYgV5,Never Go Wrong,Nicky Youre,64,155962,Never Go Wrong,3/25/2022,0.585,0.835,-6.453,0.113,0.0687,0,0.275,0.93,164.988,4,Energetic
0Kfooksbrhl5GytMKQ6TcK,Sooraj Dooba Hain (Remix By Dj Kiran Kamath),Arijit Singh,34,275342,Roy - Remix,1/27/2015,0.574,0.971,-2.499,0.199,0.0407,0,0.122,0.435,129.906,4,Energetic
5goeUvSplsnWCmkUFmFDgt,Comfort Zone,Yot Club,54,227369,Comfort Zone,10/31/2019,0.785,0.722,-6.641,0.0313,0.864,0.0737,0.277,0.76,131.371,4,Energetic
567e29TDzLwZwfDuEpGTwo,STAY (with Justin Bieber),The Kid LAROI,85,141805,F*CK LOVE 3+: OVER YOU,7/27/2021,0.591,0.764,-5.484,0.0483,0.0383,0,0.103,0.478,169.928,4,Energetic
756PiO1gJA8OaY30U84hnO,Take A Picture,COIN,44,177500,Uncanny Valley,3/25/2022,0.781,0.679,-5.485,0.047,0.0117,0.000965,0.0844,0.795,119.941,4,Energetic
5C8ySsx3AT121g24uYR823,NO BAD DAYS (feat. Collett),Macklemore,72,173453,BEN,3/3/2023,0.769,0.858,-6.01,0.15,0.117,0.0186,0.157,0.86,160.049,4,Energetic
0u2P5u6lvoDfwTYjAADbn4,lovely (with Khalid),Billie Eilish,88,200185,lovely (with Khalid),4/19/2018,0.351,0.296,-10.109,0.0333,0.934,0,0.095,0.12,115.284,4,Sad
0VQjTLPG8l3egUHmIxe265,7 Years,Lukas Graham,59,237266,Lukas Graham (Blue Album),3/25/2016,0.765,0.472,-5.837,0.052,0.291,0,0.389,0.352,119.946,4,Sad
3JvKfv6T31zO0ini8iNItO,Another Love,Tom Odell,91,244360,Long Way Down (Deluxe),6/24/2013,0.445,0.537,-8.532,0.04,0.695,1.65E-05,0.0944,0.131,122.769,4,Sad
0gplL1WMoJ6iYaPgMCL0gX,Easy On Me,Adele,84,224694,Easy On Me,10/14/2021,0.604,0.366,-7.519,0.0282,0.578,0,0.133,0.13,141.981,4,Sad
5Y35SjAfXjjG0sFQ3KOxmm,Nobody Gets Me,SZA,87,180853,SOS,12/9/2022,0.358,0.284,-8.285,0.0285,0.805,0,0.183,0.276,99.796,3,Sad
35ovElsgyAtQwYPYnZJECg,Lift Me Up - From Black Panther: Wakanda Forever - Music From and Inspired By,Rihanna,83,196519,Lift Me Up (From Black Panther: Wakanda Forever - Music From and Inspired By),10/28/2022,0.247,0.299,-6.083,0.0315,0.899,0,0.131,0.172,177.115,4,Sad
6xGruZOHLs39ZbVccQTuPZ,Glimpse of Us,Joji,86,233456,Glimpse of Us,6/10/2022,0.44,0.317,-9.258,0.0531,0.891,4.78E-06,0.141,0.268,169.914,3,Sad
2dHHgzDwk4BJdRwy9uXhTO,Creepin' (with The Weeknd & 21 Savage),Metro Boomin,96,221520,HEROES & VILLAINS,12/2/2022,0.715,0.62,-6.005,0.0484,0.417,0,0.0822,0.172,97.95,4,Sad
0QPRDC97rIQB3Jh3hrVJoH,SNAP,Rosa Linn,17,179551,SNAP,3/19/2022,0.563,0.639,-8.205,0.0684,0.107,1.06E-05,0.446,0.518,169.985,4,Sad
2L9N0zZnd37dwF0clgxMGI,ceilings,Lizzy McAlpine,91,182887,five seconds flat,4/8/2022,0.516,0.322,-11.762,0.0292,0.473,0.00194,0.215,0.261,148.005,3,Sad
135eVQKIKw2AoiwvXZFMNR,Annabel's House,Lola Young,50,205381,Annabel’s House,1/25/2023,0.567,0.477,-6.26,0.0416,0.723,2.74E-05,0.124,0.304,81.186,4,Sad
7lPN2DXiMsVn7XUKtOW1CS,drivers license,Olivia Rodrigo,28,242013,drivers license,1/8/2021,0.585,0.436,-8.761,0.0601,0.721,1.31E-05,0.105,0.132,143.874,4,Sad
2JzZzZUQj3Qff7wapcbKjc,See You Again (feat. Charlie Puth),Wiz Khalifa,81,229525,See You Again (feat. Charlie Puth),2015,0.689,0.481,-7.503,0.0815,0.369,1.03E-06,0.0649,0.283,80.025,4,Sad
7AFASza1mXqntmGtbxXprO,changes,XXXTENTACION,78,121886,?,3/16/2018,0.669,0.308,-10.068,0.029,0.883,0,0.0984,0.52,64.934,4,Sad
561jH07mF1jHuk7KlaeF0s,Mockingbird,Eminem,91,250760,Encore (Deluxe Version),11/12/2004,0.637,0.678,-3.798,0.266,0.209,0,0.156,0.254,84.039,4,Sad
75ZvA4QfFiZvzhj2xkaWAh,I Fall Apart,Post Malone,80,223346,Stoney (Deluxe),12/9/2016,0.556,0.538,-5.408,0.0382,0.0689,0,0.196,0.291,143.95,4,Sad
06vNG6CiV4k8oNA0wUUAO7,Until I Found You - Piano Version,Stephen Sanchez,72,184895,Until I Found You (Piano Version),3/11/2022,0.603,0.148,-10.449,0.0279,0.927,0,0.101,0.228,95.451,3,Sad
3U4isOIWM3VvDubwSI3y7a,All of Me,John Legend,85,269560,Love In The Future (Expanded Edition),8/30/2013,0.422,0.264,-7.064,0.0322,0.922,0,0.132,0.331,119.93,4,Sad
2TIlqbIneP0ZY1O0EzYLlc,Someone You Loved,Lewis Capaldi,72,182160,Breach,11/8/2018,0.501,0.405,-5.679,0.0319,0.751,0,0.105,0.446,109.891,4,Sad
2NeM9rfWo70KQej9GxeaoL,Where's My Love,SYML,1,202009,SYML,5/3/2019,0.608,0.358,-10.018,0.0253,0.854,0.0186,0.113,0.365,103.94,4,Sad
5CPEXVOzqhFlZN77l94S86,when u need me.,will hyde,49,231518,nothing ever changes.,12/10/2021,0.626,0.601,-7.455,0.24,0.157,1.38E-05,0.133,0.272,166.026,4,Sad
0bM5JsBjWU4RyYlMbp0voY,Wait,M83,0,343253,"Hurry Up, We're Dreaming",10/18/2011,0.426,0.228,-10.552,0.0322,0.203,0.14,0.0832,0.0826,147.986,4,Sad
3rLJfHEJFEfjOpHegCKnul,Stackin' by the Plenty,Reyn Hartley,49,241406,Stackin' by the Plenty,10/7/2022,0.52,0.45,-10.626,0.0351,0.621,0,0.0814,0.131,118.093,4,Sad
5DnH1OjigcmjJewLedlwiK,My Piano Still Plays,Greg Hunting,45,242114,My Piano Still Plays,2/18/2022,0.595,0.511,-11.198,0.0347,0.238,0.00198,0.123,0.338,137.915,4,Sad
1Xi84slp6FryDSCbzq4UCD,Arcade,Duncan Laurence,78,183624,Arcade,3/7/2019,0.45,0.329,-12.603,0.0441,0.818,0.00109,0.135,0.266,71.884,3,Sad
6sojl6QhxcfBycmGt6NlEt,Everybody Love,Dancody,44,139164,Everybody Love,3/17/2023,0.69,0.217,-16.256,0.0429,0.815,0.0757,0.12,0.183,122.02,4,Sad
5dPz35akJjPqb17yeqNwqH,Ghost,Justin Bieber,76,153190,Justice,3/19/2021,0.604,0.741,-5.571,0.0475,0.178,3.49E-05,0.409,0.473,153.947,4,Sad
6Tvzf3VEi16JMhAgOwdt2y,Birds,Imagine Dragons,71,219440,Origins (Deluxe),11/9/2018,0.649,0.517,-7.428,0.0297,0.0146,1.63E-06,0.145,0.35,119.997,4,Sad
25yywtdR33J3kfadOZx8Ts,Sorrow,Troli Bear,30,151000,Sorrow,3/15/2023,0.535,0.178,-16.887,0.194,0.864,0,0.117,0.612,140.212,4,Sad
7exHT4swWOKL5addPeqkLP,THE LONELIEST,Måneskin,75,247067,RUSH!,1/20/2023,0.525,0.599,-5.001,0.0281,0.00151,0,0.0762,0.226,129.841,4,Sad
26MzIxHlb57SKWnWsSdWGY,Mirror Soul,Shyler,43,153461,Mirror Soul,7/8/2022,0.421,0.376,-9.161,0.0293,0.834,0.127,0.0795,0.269,129.366,4,Sad
78Sw5GDo6AlGwTwanjXbGh,Here With Me,d4vd,94,242484,Here With Me,9/22/2022,0.574,0.469,-8.209,0.0254,0.534,9.21E-05,0.128,0.288,132.023,4,Sad
2qxmye6gAegTMjLKEBoR3d,Let Me Down Slowly,Alec Benjamin,84,169353,Narrated For You,11/16/2018,0.652,0.557,-5.714,0.0318,0.74,0,0.124,0.483,150.073,4,Sad
3ZCTVFBt2Brf31RLEnCkWJ,everything i wanted,Billie Eilish,84,245425,everything i wanted,11/13/2019,0.704,0.225,-14.454,0.0994,0.902,0.657,0.106,0.243,120.006,4,Sad
0fBSs3fRoh1yJcne77fdu9,Video Games,Lana Del Rey,76,281960,Born To Die - The Paradise Edition,1/1/2012,0.236,0.249,-9.595,0.0348,0.811,1.00E-06,0.087,0.181,72.847,5,Sad
0V5cvmTKsYmF5FmGGEAfmS,Je te laisserai des mots,Patrick Watson,84,160853,Je te laisserai des mots,9/10/2010,0.303,0.187,-16.757,0.0356,0.989,0.489,0.101,0.213,132.731,4,Sad
4yNk9iz9WVJikRFle3XEvn,golden hour,JVKE,84,209259,this is what falling in love feels like (554Hz),10/3/2022,0.515,0.593,-4.801,0.0322,0.653,0.162,0.25,0.153,94.467,3,Sad
7sXDYdXmR2PnafjkpfdCYv,Experience,Ludovico Einaudi,50,315426,Einaudi: In a time lapse,2/12/2013,0.382,0.422,-10.699,0.037,0.934,0.95,0.0695,0.0368,92.378,4,Sad
3hRV0jL3vUpRrcy398teAU,The Night We Met,Lord Huron,83,208211,Strange Trails,4/6/2015,0.544,0.369,-9.514,0.038,0.969,0.279,0.639,0.102,87.01,3,Sad
1WDbL8p5PjVqvWBmzaDkSl,Arrows,Casey Tutton,42,217487,Arrows,2/3/2023,0.481,0.211,-13.724,0.03,0.789,0.000106,0.215,0.155,113.014,4,Sad
1WKOnYtM6HtzYvEJlSEIv5,Runaway,AURORA,54,251360,Running With The Wolves,5/4/2015,0.542,0.304,-9.08,0.0346,0.638,0.000118,0.106,0.12,114.827,4,Sad
04sN26COy28wTXYj3dMoiZ,Bored,Billie Eilish,83,180933,Bored,3/30/2017,0.614,0.318,-12.695,0.0478,0.896,0.00239,0.0795,0.112,119.959,4,Sad
1et7vATtyqLfNMjTTZIYk1,Love You Still (abcdefu romantic version),Tyler Shaw,62,150173,Tyler Shaw,3/22/2022,0.712,0.0784,-19.067,0.0544,0.739,0,0.107,0.642,121.443,4,Sad
5uCax9HTNlzGybIStD3vDh,Say You Won't Let Go,James Arthur,86,211466,Back from the Edge,10/28/2016,0.358,0.557,-7.398,0.059,0.695,0,0.0902,0.494,85.043,4,Sad
2gMXnyrvIjhVBUZwvLZDMP,Before You Go,Lewis Capaldi,84,215106,Divinely Uninspired To A Hellish Extent (Extended Edition),11/22/2019,0.459,0.575,-4.858,0.0573,0.604,0,0.0885,0.183,111.881,4,Sad
27OeeYzk6klgBh83TSvGMA,WITHOUT YOU,The Kid LAROI,53,161384,F*CK LOVE (SAVAGE),11/6/2020,0.662,0.413,-7.357,0.0299,0.213,0,0.134,0.467,93.005,4,Sad
5tz69p7tJuGPeMGwNTxYuV,1-800-273-8255,Logic,76,250173,Everybody,5/5/2017,0.62,0.574,-7.788,0.0479,0.569,0,0.19,0.357,100.023,4,Sad
5Ohxk2dO5COHF1krpoPigN,Sign of the Times,Harry Styles,84,340706,Harry Styles,5/12/2017,0.516,0.595,-4.63,0.0313,0.0275,0,0.109,0.222,119.972,4,Sad
5hnGrTBaEsdukpDF6aZg8a,How Do I Say Goodbye,Dean Lewis,82,163603,How Do I Say Goodbye,8/31/2022,0.4,0.641,-6.303,0.0674,0.214,0,0.0656,0.393,81.552,4,Sad
0HRshWRNAwQBROvxXqG3i9,Skinny Love,Birdy,60,201080,Birdy (Deluxe Version),11/4/2011,0.379,0.29,-8.485,0.051,0.952,0.00106,0.118,0.169,166.467,4,Sad
1zi7xx7UVEFkmKfv06H8x0,One Dance,Drake,86,173986,Views,5/6/2016,0.792,0.625,-5.609,0.0536,0.00776,0.0018,0.329,0.37,103.967,4,Happy
1tNJrcVe6gwLEiZCtprs1u,3 Nights,Dominic Fike,74,177666,"Don't Forget About Me, Demos",10/16/2018,0.815,0.518,-6.594,0.0897,0.223,0,0.104,0.877,151.891,4,Happy
190jyVPHYjAqEaOGmMzdyk,Beauty And A Beat,Justin Bieber,76,227986,Believe (Deluxe Edition),6/15/2012,0.602,0.843,-4.831,0.0593,0.000688,5.27E-05,0.0682,0.526,128.003,4,Happy
4kWO6O1BUXcZmaxitpVUwp,Jackie Chan,Tiësto,71,215759,Jackie Chan,5/18/2018,0.747,0.834,-2.867,0.045,0.374,0,0.0586,0.687,128.005,4,Happy
2bJvI42r8EF3wxjOuDav4r,Time of Our Lives,Pitbull,80,229360,Globalization,11/21/2014,0.721,0.802,-5.797,0.0583,0.0921,0,0.694,0.724,124.022,4,Happy
3NZJlJemX3mzjf56MqC5ML,Forever,Chris Brown,78,278573,Forever,4/29/2008,0.672,0.82,-4.456,0.0459,0.0368,0.000188,0.184,0.438,120.005,4,Happy
6Wtc1K3dvTIEsWU3rSIZXn,Feel So Close - Radio Edit,Calvin Harris,52,207880,Feel So Close,8/19/2011,0.7,0.923,-2.85,0.0324,0.000927,0.00826,0.0966,0.904,127.952,4,Happy
3iIESzXI8WPwf8YGWOTWTc,You Make Me Feel... (feat. Sabi),Cobra Starship,39,215693,You Make Me Feel... (feat. Sabi),10/21/2011,0.668,0.857,-2.944,0.0535,0.0191,6.71E-06,0.0385,0.748,131.959,4,Happy
1AWQoqb9bSvzTjaLralEkT,Rock Your Body,Justin Timberlake,77,267266,Justified,11/4/2002,0.892,0.714,-6.055,0.141,0.201,0.000234,0.0521,0.817,100.972,4,Happy
2VOomzT6VavJOGBeySqaMc,Disturbia,Rihanna,79,238626,Good Girl Gone Bad: Reloaded,6/2/2008,0.707,0.813,-4.515,0.0571,0.0863,0,0.168,0.722,124.921,4,Happy
5nujrmhLynf4yMoMtj8AQF,Levitating (feat. DaBaby),Dua Lipa,83,203064,Future Nostalgia,3/27/2020,0.702,0.825,-3.787,0.0601,0.00883,0,0.0674,0.915,102.977,4,Happy
4E5P1XyAFtrjpiIxkydly4,Replay,Iyaz,76,182306,Replay,8/18/2009,0.706,0.751,-6.323,0.0708,0.173,0,0.168,0.195,91.031,4,Happy
0aPaGIX2QIMAH5SMp0VEMe,The Most Beautiful Girl In the World,Prince,61,265320,The Gold Experience,9/26/1995,0.489,0.693,-4.952,0.0427,0.0182,5.63E-06,0.304,0.453,185.758,4,Happy
7ef4DlsgrMEH11cDZd32M6,One Kiss (with Dua Lipa),Calvin Harris,87,214846,One Kiss (with Dua Lipa),4/6/2018,0.791,0.862,-3.24,0.11,0.037,2.19E-05,0.0814,0.592,123.994,4,Happy
1DFD5Fotzgn6yYXkYsKiGs,Piece Of Your Heart,MEDUZA,76,152913,Piece Of Your Heart,2/1/2019,0.677,0.744,-6.806,0.0295,0.0404,0.00016,0.074,0.631,124.08,4,Happy
4TsmezEQVSZNNPv5RJ65Ov,Pon de Replay,Rihanna,80,246960,Music Of The Sun,8/29/2005,0.779,0.64,-8.415,0.159,0.000155,0.00077,0.101,0.498,99.019,4,Happy
1hGy2eLcmC8eKx7qr1tOqx,Beautiful Girls,Sean Kingston,78,225373,Beautiful Girls,7/23/2007,0.762,0.661,-6.075,0.0687,0.15,0,0.256,0.769,130.009,4,Happy
6cmm1LMvZdB5zsCwX5BjqE,Down,Jay Sean,78,212506,All Or Nothing,1/1/2009,0.727,0.68,-4.498,0.0286,0.0101,0,0.0821,0.728,132.012,4,Happy
7Feaw9WAEREY0DUOSXJLOM,Summer Days (feat. Macklemore & Patrick Stump of Fall Out Boy),Martin Garrix,73,163804,Summer Days (feat. Macklemore & Patrick Stump of Fall Out Boy),4/25/2019,0.661,0.723,-6.976,0.0566,0.179,1.23E-05,0.14,0.316,113.778,4,Happy
5u5MpBnvJejW9dHPrfWEXZ,Superstar,Jamelia,69,215480,Thank You,6/30/2003,0.801,0.645,-6.93,0.0356,0.046,0,0.0357,0.824,110.011,4,Happy
0VjIjW4GlUZAMYd2vXMi3b,Blinding Lights,The Weeknd,91,200040,After Hours,3/20/2020,0.514,0.73,-5.934,0.0598,0.00146,9.54E-05,0.0897,0.334,171.005,4,Happy
3AVXwaOGCEL8cmBecfcsFJ,Light Switch,Charlie Puth,68,187703,Light Switch (Instrumental),1/19/2022,0.69,0.626,-5.693,0.306,0.105,0.000335,0.0881,0.912,184.009,4,Happy
1Cv1YLb4q0RzL6pybtaMLo,Sunday Best,Surfaces,75,158571,Where the Light Is,1/6/2019,0.878,0.525,-6.832,0.0578,0.183,0,0.0714,0.694,112.022,4,Happy
0C4ejWmOTMv8vuYj85mf8m,S&M,Rihanna,73,243533,Loud,11/16/2010,0.767,0.682,-5.02,0.042,0.0113,0.00016,0.104,0.833,127.975,4,Happy
4QNpBfC0zvjKqPJcyqBy9W,"Give Me Everything (feat. Ne-Yo, Afrojack & Nayer)",Pitbull,82,252306,Planet Pit (Deluxe Version),6/17/2011,0.671,0.939,-3.206,0.161,0.191,0,0.298,0.53,129.024,4,Happy
3w3y8KPTfNeOKPiqUTakBh,Locked out of Heaven,Bruno Mars,86,233478,Unorthodox Jukebox,12/7/2012,0.726,0.698,-4.165,0.0431,0.049,0,0.309,0.867,143.994,4,Happy
4356Typ82hUiFAynbLYbPn,DJ Got Us Fallin' In Love (feat. Pitbull),Usher,79,220800,Raymond v Raymond (Expanded Edition),3/30/2010,0.663,0.861,-3.398,0.109,0.0338,0,0.082,0.654,119.963,4,Happy
1peT7rhuRsVvJVSSd0iXXp,Beautiful Girls,Sean Kingston,53,241666,Pure... 2000s Party,8/29/2014,0.543,0.642,-6.533,0.0888,0.137,0,0.243,0.749,117.923,4,Happy
0azC730Exh71aQlOt9Zj3y,This Is What You Came For,Calvin Harris,83,222160,This Is What You Came For,4/29/2016,0.631,0.927,-2.787,0.0332,0.199,0.119,0.148,0.465,123.962,4,Happy
2Foc5Q5nqNiosCNqttzHof,Get Lucky (feat. Pharrell Williams & Nile Rodgers) - Radio Edit,Daft Punk,81,248413,Get Lucky (feat. Pharrell Williams & Nile Rodgers) [Radio Edit],4/19/2013,0.794,0.811,-8.966,0.038,0.0426,1.07E-06,0.101,0.862,116.047,4,Happy
2nx86MrPkXWQctveAEFJBf,Turn Around - Radio Edit,Phats & Small,59,212146,Turn Around - Single,3/22/2000,0.797,0.752,-7.343,0.128,0.0135,0.00496,0.264,0.801,131.932,4,Happy
3fVnlF4pGqWI9flVENcT28,Wildest Dreams,Taylor Swift,79,220440,1989,1/1/2014,0.553,0.664,-7.417,0.0741,0.0709,0.0056,0.106,0.467,140.06,4,Happy
0ByMNEPAPpOR5H69DVrTNy,Don't Stop The Music,Rihanna,81,267080,Good Girl Gone Bad: Reloaded,6/2/2008,0.835,0.669,-5.582,0.0643,0.0336,6.92E-05,0.0535,0.542,122.668,4,Happy
0NMUFQdEFjftg0BQnyZCsh,Love at First Sight,Kylie Minogue,56,238266,Fever,10/1/2001,0.603,0.774,-6.066,0.0428,0.0288,0.051,0.0533,0.48,124.994,4,Happy
2oejEp50ZzPuQTQ6v54Evp,Call You Mine,The Chainsmokers,72,217640,World War Joy,12/6/2019,0.585,0.696,-5.6,0.0307,0.204,0,0.344,0.522,104.01,4,Happy
55h7vJchibLdUkxdlX3fK7,Treasure,Bruno Mars,80,178560,Unorthodox Jukebox,12/7/2012,0.874,0.692,-5.28,0.0431,0.0412,7.24E-05,0.324,0.937,116.017,4,Happy
3AeicLnm55RqcXGBKYQolM,King,Years & Years,69,215360,Communion (Deluxe),7/10/2015,0.56,0.857,-4.145,0.0384,0.0594,0,0.381,0.432,119.975,4,Happy
71R6zJsrF3ffc3TBFHfivX,Bumpy Ride,Mohombi,70,224720,MoveMeant (International),1/1/2010,0.706,0.842,-4.628,0.038,0.0476,0,0.134,0.818,104.958,4,Happy
6ebkx7Q5tTxrCxKq4GYj0Y,Club Can't Handle Me (feat. David Guetta),Flo Rida,76,234560,Only One Flo (Part 1),11/24/2010,0.616,0.869,-3.911,0.0327,0.0283,0,0.064,0.473,127.966,4,Happy
0U10zFw4GlBacOy9VDGfGL,We Found Love,Rihanna,81,215226,Talk That Talk,11/19/2011,0.735,0.766,-4.485,0.0383,0.025,0.00138,0.108,0.6,127.985,4,Happy
63CSozvYUEudPp12679UVF,Don't Worry (with Ray Dalton) - Radio Edit,Madcon,71,214789,Don't Worry (feat. Ray Dalton),4/10/2015,0.811,0.699,-5.211,0.114,0.0726,1.38E-06,0.148,0.733,122.987,4,Happy
5X8kkUaUlAyAUr9TYqDFTH,All For You,Janet Jackson,64,329933,All For You,1/1/2001,0.753,0.934,-3.011,0.0736,0.0174,0.065,0.128,0.73,113.525,3,Happy
4rV3AYCf4BBBCkIpyLPwUP,Dreams,Gabrielle,64,222773,Find Your Way,1/1/1993,0.751,0.467,-13.652,0.036,0.173,0,0.217,0.568,98.783,4,Happy
6tS3XVuOyu10897O3ae7bi,California Gurls,Katy Perry,75,234653,Teenage Dream: The Complete Confection,3/12/2012,0.791,0.754,-3.729,0.0569,0.00446,0,0.163,0.425,125.014,4,Happy
2M9ULmQwTaTGmAdXaXpfz5,Billionaire (feat. Bruno Mars),Travie McCoy,72,211160,Billionaire (feat. Bruno Mars),3/9/2010,0.633,0.673,-6.403,0.258,0.297,0,0.206,0.659,86.776,4,Happy
7gBj0VgcuAgkXkiRRYvSmK,Stay (feat. Maty Noyes),Kygo,59,239465,Stay (feat. Maty Noyes),12/4/2015,0.648,0.736,-7.948,0.0385,0.0444,0.000137,0.171,0.378,103.027,4,Happy
1Cq23W4ZxHTY8QbP40qjEc,All I Wanna Do,Martin Jensen,52,194360,All I Wanna Do,4/8/2016,0.728,0.794,-3.992,0.0635,0.148,0,0.0688,0.523,112.071,4,Happy
3c8iiZGfEammKJuWTErE5x,Ain't Nobody (Loves Me Better) (feat. Jasmine Thompson),Felix Jaehn,72,186146,I,2/16/2018,0.778,0.566,-6.959,0.0311,0.672,0.000197,0.0698,0.479,117.971,4,Happy
5tf1VVWniHgryyumXyJM7w,Sugar (feat. Francesco Yates),Robin Schulz,76,219043,Sugar,9/25/2015,0.636,0.815,-5.098,0.0581,0.0185,0,0.163,0.636,123.063,4,Happy
3oHNJECGN3bBoGXejlw2b1,Last Friday Night (T.G.I.F.),Katy Perry,76,230733,Teenage Dream,8/24/2010,0.652,0.812,-3.797,0.0409,0.00125,3.01E-05,0.667,0.72,126.023,4,Happy
6fdzX7Qy7LN5uaJ0ukH6p5,The Bloom,Wesley Joseph,66,114001,ULTRAMARINE,6/18/2021,0.377,0.396,-10.194,0.0728,0.624,0.0415,0.071,0.144,92.001,3,Calm
7jhxagwOk9y1HC5ciRfmkQ,Invincible (feat. Daniel Caesar),Omar Apollo,68,216160,Ivory,4/8/2022,0.555,0.474,-11.706,0.0668,0.224,0.00426,0.162,0.262,134.89,4,Calm
1hrar0wbUsvgSUpUXR5Wq0,Only,RY X,69,268455,Dawn,5/6/2016,0.293,0.175,-15.543,0.0308,0.903,0.528,0.109,0.089,83.182,3,Calm
7MOgLN4PHcXhhTZLchodnC,Plastic 100°C,Sampha,52,316187,Process (Bonus Edition),2017,0.591,0.361,-11.879,0.0539,0.735,0.00227,0.654,0.175,132.08,4,Calm
4wLRzchJdARftJsHp4UqgO,Lush Life,Col3trane,55,143626,Lush Life,5/6/2022,0.617,0.453,-10.701,0.0698,0.809,2.25E-05,0.104,0.369,83.984,4,Calm
6QpZXzHcOgXK41Y3YCx203,Little Lies,ODIE,64,220007,Analogue,4/6/2018,0.342,0.294,-15.989,0.0426,0.592,0.674,0.0944,0.132,84.014,4,Calm
129mBjUSbfKo0BdK13aJjY,Dim My Light (feat. 6LACK),Scribz Riley,41,159773,Wish Me Luck,11/20/2020,0.459,0.378,-14.472,0.446,0.568,0.000218,0.076,0.333,82.555,4,Calm
41cpvQ2GyGb2BRdIRSsTqK,Moon River,Frank Ocean,67,188323,Moon River,2/14/2018,0.24,0.116,-13.216,0.0329,0.877,0.00092,0.1,0.0937,77.349,3,Calm
4DAXBHxAldktS4rsESPI2F,Breathe,Romeo,38,165969,Breathe,9/18/2020,0.734,0.422,-7.241,0.0663,0.564,0.495,0.221,0.302,107.024,4,Calm
1VAKnb1btGrQXcVZVSRkPe,Good & Plenty,Alex Isley,60,204705,Good & Plenty,7/17/2020,0.658,0.619,-7.316,0.0772,0.788,0.0667,0.0951,0.354,136.077,4,Calm
1MhWKWhQ5aUvzQ78BYDFCw,Hubris - Hobie Remix,Tim Lyre,36,210000,Worry < (Deluxe),9/2/2022,0.797,0.628,-10.679,0.218,0.655,5.02E-05,0.223,0.386,83.005,4,Calm
02oUEbDQXcVITlLQKMPN1F,Ghostin',Wesley Joseph,62,197675,Ghostin',7/8/2020,0.856,0.518,-10.217,0.192,0.346,0.452,0.221,0.161,117.018,4,Calm
2GqpzXMZyoDNRzZFzhorf8,Haze,breathe.,44,227211,Breathe.,10/30/2020,0.313,0.424,-10.237,0.114,0.289,0.192,0.353,0.16,72.799,4,Calm
4kjJgdn53JuTLHvcedNAcl,Dreams,Phoelix,40,197677,Dreams,2/14/2019,0.523,0.421,-12.529,0.133,0.609,0.000859,0.341,0.356,77.393,4,Calm
7it3e5OF7f5bQEOdkrePqO,Nothing New Under The Sun,Frankie Stew and Harvey Gunn,41,234101,Nothing New Under The Sun,10/28/2022,0.481,0.583,-7.859,0.283,0.181,5.24E-05,0.401,0.432,148.799,4,Calm
51rPRW8NjxZoWPPjnRGzHw,Tadow,Masego,74,301893,Lady Lady,9/7/2018,0.704,0.487,-6.407,0.0604,0.669,8.64E-05,0.111,0.313,121.726,4,Calm
5j6OzP6HqALwKqx5uYu1dS,11am,Melo-Zed,41,118000,Eleven,5/25/2018,0.377,0.267,-14.636,0.0359,0.928,0.0338,0.541,0.348,85.663,5,Calm
1E8ZZzvgrMwm8qUi5IjOHt,Homerton,Loyle Carner,56,169995,hugo,10/21/2022,0.544,0.643,-8.704,0.136,0.272,0.00117,0.272,0.426,91.615,4,Calm
12QGmnEmcpgFajECmRfg6u,Halfaouine,Anouar Brahem,49,126853,Le Voyage De Sahar,2/24/2006,0.486,0.078,-23.24,0.0545,0.992,0.929,0.121,0.199,77.076,4,Calm
6SEolIp22t0DzeBfCBo3hr,Vibin' Out,FKJ,64,311837,French Kiwi Juice,3/2/2017,0.41,0.169,-11.422,0.0485,0.847,0.00327,0.117,0.208,89.494,4,Calm
3bDfCIPAtvJdMGnHV8QV8H,Feel Me,Aeris Roves,47,186960,Moon By Island Gardens,11/2/2018,0.673,0.392,-8.864,0.396,0.821,0,0.11,0.482,88.913,4,Calm
16iNVfWKKZPDjctIcd0KMn,12:34 AM,Billy Lemos,63,127000,12:34 AM,6/27/2017,0.711,0.473,-11.971,0.116,0.656,0.0666,0.119,0.32,90.001,4,Calm
5sBsK1SvCj1IZOi4xQOaNO,Patience (feat. Jorja Smith),Wesley Joseph,46,297146,ULTRAMARINE,6/18/2021,0.636,0.502,-10.79,0.0935,0.422,0.000476,0.0927,0.0802,115.976,3,Calm
5FChOu6NfR5w7YLgDmXXnC,Eternal Sunshine,Lou Val,59,241791,Eternal Sunshine,5/7/2021,0.236,0.582,-7.592,0.0348,0.0584,0.00277,0.34,0.265,67.131,4,Calm
1NPIaOo7Ahopf4LuVyEb3o,Roze (Euston Station),Fred again..,43,216000,Actual Life 2 Piano EP (February 2 - October 15 2021),4/27/2022,0.615,0.319,-16.197,0.0373,0.792,0.445,0.109,0.313,122.04,4,Calm
5GbVzc6Ex5LYlLJqzRQhuy,Mystery of Love,Sufjan Stevens,71,248960,Mystery of Love,12/1/2017,0.365,0.273,-16.526,0.038,0.94,0.431,0.109,0.238,132.285,5,Calm
0aSPcMOs0ahKPGxsqMqbh2,Midnight Mischief (Tom Misch Remix),Jordan Rakei,57,266086,Midnight Mischief (Tom Misch Remix),9/19/2016,0.506,0.404,-7.441,0.0355,0.492,0.0268,0.115,0.0394,92.083,4,Calm
15AMQTeL72bOtvzPKJfoja,Le Bien Et Le Mal,Souad Massi,42,175640,Deb,1/1/2003,0.621,0.264,-12.951,0.0381,0.922,0.00319,0.0993,0.472,144.273,4,Calm
5tt7O3V5vwf8ltkr1Wgxrf,Serenade of Water,Men I Trust,58,185660,Untourable Album,8/25/2021,0.647,0.414,-10.816,0.066,0.848,0.903,0.112,0.711,79.503,4,Calm
0nqKh7q35gKJSXv7VuqtH7,Nada,Clarissa Bitar,39,136759,Hassan Sabi,8/27/2021,0.563,0.216,-16.922,0.0572,0.939,0.869,0.109,0.531,129.426,5,Calm
5Wn1IQmvetMRMoNpHckzu0,I Don't Swear,Joe Hertz,49,174960,Current Blues,7/17/2020,0.751,0.568,-6.904,0.0871,0.51,0.00283,0.0901,0.467,94.978,4,Calm
31dDOrrSbki0NjEaqYkys8,One More Smile - Live at Electric Lady,Yebba,44,230890,Live at Electric Lady,1/27/2022,0.276,0.258,-10.774,0.0351,0.915,0.0128,0.0944,0.0759,75.808,4,Calm
47s5hKfwGXliAAB8wKMiNo,When I'm in Your Arms,Cleo Sol,61,335310,Rose in the Dark,3/27/2020,0.596,0.462,-10.605,0.0589,0.476,0.0581,0.112,0.655,173.866,4,Calm
6MzPpRVcbwoArNxY7iHPR8,"Only Look Outside, When It Rains",Sierra Kidd,37,156595,No Such Thing As A Sky,7/22/2022,0.64,0.326,-10.48,0.0326,0.859,8.37E-05,0.109,0.423,141.095,4,Calm
7iEyFSNEfkXLzjQJ6OUXN6,Different Masks For Different Days,FKJ,42,264986,V I N C E N T,6/10/2022,0.423,0.441,-10.163,0.0375,0.913,0.931,0.152,0.129,170.843,3,Calm
2ZbthnkJONdgLLFyjwLeoo,Evergray,Jiwoo,43,245280,Evergray,8/12/2022,0.753,0.324,-13.243,0.0328,0.424,0.00042,0.179,0.336,108.037,4,Calm
2uHjk6Eska0jA0dsMY7vBr,Qolshatyr,Rusha,48,193000,Qolshatyr,12/9/2022,0.755,0.531,-10.183,0.0601,0.714,0.000256,0.11,0.594,154.047,4,Calm
3Kv5XsI0uuQLNYOBAId3wE,Waterfalls,JOY.,47,199439,Waterfalls,4/8/2020,0.536,0.429,-11.139,0.0319,0.402,0.0498,0.0935,0.246,145.555,4,Calm
2ax9yh9o3eJWbJZbF8tDvj,Valentina,Dreamer Isioma,65,128639,Valentina,10/16/2019,0.717,0.372,-12.878,0.0278,0.374,0.296,0.117,0.735,90.323,4,Calm
6AIMiXP9fD6e9JTc1hbcvy,Lost,narou,56,240066,Lost,4/9/2021,0.696,0.48,-8.178,0.0512,0.0991,0.00061,0.109,0.249,115.021,4,Calm
1HPYnKkSjOkkC8tm9S97rb,Serial,Tora-i,39,227535,Serial,6/3/2021,0.367,0.25,-11.738,0.0707,0.722,0.000389,0.0973,0.257,81.893,4,Calm
4fVDiVuYquW9hBTtyk3g6v,Tamagotchi (intermission),Lolo Zouaï,37,157040,PLAYGIRL,10/14/2022,0.261,0.564,-8.172,0.229,0.235,0.000278,0.0538,0.424,72.909,4,Calm
133HWpDpSI7XZiNLkErhdJ,Vinegar Hill,Elijah Fox,45,72722,Vinegar Hill,1/20/2023,0.429,0.0936,-26.222,0.0486,0.989,0.897,0.106,0.183,79.362,3,Calm
46oB4z00bx2WDbUgBl33nf,Count Me Out,Chiiild,42,207906,Synthetic Soul,2/28/2020,0.452,0.59,-8.101,0.0627,0.155,0.0767,0.211,0.318,174.047,3,Calm
5wjdouk5wQxXkmTeyOC12M,"Lost - Recorded at Metropolis Studios, London",Jorja Smith,47,234080,Spotify Singles,12/13/2017,0.643,0.132,-11.266,0.0931,0.909,0,0.101,0.132,114.251,4,Calm
5eGnL6MWBeRkilfxdGvTbK,Dream Factory,Frankie Stew and Harvey Gunn,51,267112,Breathing Exercises,2/28/2020,0.813,0.632,-6,0.367,0.784,0.00159,0.095,0.545,160.011,4,Calm
2oRxheu9K3DWQGizDgScOL,Innocent,Jakey,46,140419,Innocent,2/18/2022,0.651,0.484,-9.493,0.145,0.309,0.00029,0.325,0.777,77.439,4,Calm
0qLymjAHy3oKqTlSbbgHHo,Pap Test - A COLORS SHOW,Saya Gray,37,208309,Pap Test - A COLORS SHOW,4/28/2022,0.339,0.195,-13.382,0.0589,0.956,0.000138,0.375,0.271,68.104,3,Calm
0rpNRKBdPPbgdXVfaQy0Xg,LOST - flame edit,flame,42,199366,LOST (flame edit),8/10/2022,0.716,0.35,-16.403,0.0578,0.866,0.000323,0.107,0.365,90.988,4,Calm
2dcKLgm3TCKtUF3Z4vUBQf,Words That We Said,C. James,58,155625,Words That We Said,11/27/2020,0.766,0.393,-8.508,0.0323,0.619,0.0087,0.105,0.494,128.02,4,Calm
